Workbook

Sheet Student Data
A1: Student Performance Analysis
A2: Student ID | B2: Name | C2: Department | D2: Math | E2: Science | F2: Programming | G2: Attendance | H2: Average Marks
A3: 1 | B3: Amit | C3: CS | D3: 78 | E3: 85 | F3: 90 | G3: 92 | H3: =ROUND(AVERAGE(D3:F3),2) -> 84.33
A4: 2 | B4: Riya | C4: CS | D4: 88 | E4: 79 | F4: 85 | G4: 90 | H4: =ROUND(AVERAGE(D4:F4),2) -> 84
A5: 3 | B5: Karan | C5: IT | D5: 65 | E5: 70 | F5: 72 | G5: 80 | H5: =ROUND(AVERAGE(D5:F5),2) -> 69
A6: 4 | B6: Pooja | C6: IT | D6: 92 | E6: 91 | F6: 95 | G6: 96 | H6: =ROUND(AVERAGE(D6:F6),2) -> 92.67
A7: 5 | B7: Rahul | C7: CS | D7: 55 | E7: 60 | F7: 58 | G7: 70 | H7: =ROUND(AVERAGE(D7:F7),2) -> 57.67
A9: * Red = marks below 60 (At-Risk students)

Sheet Sorted by Average
A1: Students Ranked by Average Marks (Highest to Lowest)
A2: Student ID | B2: Name | C2: Department | D2: Math | E2: Science | F2: Programming | G2: Attendance | H2: Average Marks
A3: 4 | B3: [1st] Pooja | C3: IT | D3: 92 | E3: 91 | F3: 95 | G3: 96 | H3: ='Student Data'!H6 -> 92.67
A4: 1 | B4: [2nd] Amit | C4: CS | D4: 78 | E4: 85 | F4: 90 | G4: 92 | H4: ='Student Data'!H3 -> 84.33
A5: 2 | B5: [3rd] Riya | C5: CS | D5: 88 | E5: 79 | F5: 85 | G5: 90 | H5: ='Student Data'!H4 -> 84
A6: 3 | B6: [4th] Karan | C6: IT | D6: 65 | E6: 70 | F6: 72 | G6: 80 | H6: ='Student Data'!H5 -> 69
A7: 5 | B7: [5th] Rahul | C7: CS | D7: 55 | E7: 60 | F7: 58 | G7: 70 | H7: ='Student Data'!H7 -> 57.67

Sheet Department Pivot
A1: Department-wise Performance Pivot Table
A2: Department | B2: Avg Math | C2: Avg Science | D2: Avg Programming | E2: Overall Average
A3: CS | B3: =AVERAGEIF('Student Data'!C3:C7,"CS",'Student Data'!D3:D7) -> 73.666667 | C3: =AVERAGEIF('Student Data'!C3:C7,"CS",'Student Data'!E3:E7) -> 74.666667 | D3: =AVERAGEIF('Student Data'!C3:C7,"CS",'Student Data'!F3:F7) -> 77.666667 | E3: =ROUND(AVERAGE(B3:D3),2) -> 75.33
A4: IT | B4: =AVERAGEIF('Student Data'!C3:C7,"IT",'Student Data'!D3:D7) -> 78.5 | C4: =AVERAGEIF('Student Data'!C3:C7,"IT",'Student Data'!E3:E7) -> 80.5 | D4: =AVERAGEIF('Student Data'!C3:C7,"IT",'Student Data'!F3:F7) -> 83.5 | E4: =ROUND(AVERAGE(B4:D4),2) -> 80.83
A5: Class Average | B5: =ROUND(AVERAGE(B3:B4),2) -> 76.08 | C5: =ROUND(AVERAGE(C3:C4),2) -> 77.58 | D5: =ROUND(AVERAGE(D3:D4),2) -> 80.58 | E5: =ROUND(AVERAGE(E3:E4),2) -> 78.08

Sheet Charts
A1: Visual Insights – Charts
A3: Name | B3: Avg Marks | D3: Department | E3: Avg Marks | G3: Student | H3: Attendance | I3: Avg Marks
A4: Pooja | B4: 92.67 | D4: IT | E4: 80.83 | G4: Amit | H4: 92 | I4: 84.33
A5: Amit | B5: 84.33 | D5: CS | E5: 75.33 | G5: Riya | H5: 90 | I5: 84
A6: Riya | B6: 84 | G6: Karan | H6: 80 | I6: 69
A7: Karan | B7: 69 | G7: Pooja | H7: 96 | I7: 92.67
A8: Rahul | B8: 57.67 | G8: Rahul | H8: 70 | I8: 57.67
